Source,Year,Obliquity_degrees
Eratosthenes,-231,23.85556
Hipparchus,-141,23.85556
Ptolemy,140,23.85278
Pappus,390,23.5
Albategnius,880,23.58333
Arzachel,1070,23.56667
Prophatius,1300,23.53333
Regiomontanus,1460,23.5
Copernicus,1500,23.47333
Waltherus,1500,23.48778
Danti,1570,23.50778
Tycho,1570,23.525
Gassendi,1600,23.51667
Cassini,1656,23.48389
Richer,1672,23.48167
Paris Observatory,1738,23.47222