year,rainfall_mm_yr,runoff_mm_yr
85,2716.43,2433.20136
86,3169.5,3882.30222
87,2911.07,2531.96444
88,3075.86,2470.32
89,3120.58,1544.45538
90,2860.46,2803.86113
91,3208.74,1722.45647
92,2861.82,2222.63529
93,3625.72,3345.69429
94,3322.59,3974.01931